{
"lengthUnit": "mil",
"components": {
	"fields": ["COMPONENT_NO", "COMPONENT_NAME", "LAYER", "X_COORDINATE", "Y_COORDINATE", "ANGLE"],
	"rows": [
		[1, "U1", "B", 467.47, 136.98, 270],
		[2, "PAD1", "T", 117.45, 603.23, 0],
		[3, "PAD1", "B", 117.45, 603.23, 0],
		[4, "PAD2", "T", 218.52, 603.23, 0],
		[5, "PAD2", "B", 218.52, 603.23, 0],
		[6, "PAD3", "T", 319.59, 603.23, 0],
		[7, "PAD3", "B", 319.59, 603.23, 0],
		[8, "PAD4", "T", 420.66, 603.23, 0],
		[9, "PAD4", "B", 420.66, 603.23, 0],
		[10, "PAD5", "T", 622.81, 603.23, 0],
		[11, "PAD5", "B", 622.81, 603.23, 0],
		[12, "PAD6", "T", 521.74, 603.23, 0],
		[13, "PAD6", "B", 521.74, 603.23, 0],
		[14, "PAD7", "T", 723.88, 603.23, 0],
		[15, "PAD7", "B", 723.88, 603.23, 0],
		[16, "PAD8", "T", 824.95, 603.23, 0],
		[17, "PAD8", "B", 824.95, 603.23, 0],
		[18, "PAD9", "T", 319.66, 132.65, 0],
		[19, "PAD9", "B", 319.66, 132.65, 0]
	]
},
"pins": {
	"fields": ["PIN_NO", "PIN_NAME", "PIN_X", "PIN_Y", "LAYER", "PIN_TYPE", "NET_NAME", "NET_TYPE", "PAD_SHAPE", "PAD_SIZEX", "PAD_SIZEY", "HOLE_SIZE", "PAD_ANGLE"],
	"rows": [
		[1, "U1_1", 122.47, 486.98, "B", "SMD", "DAT2", "", "O", 125.98, 60, 0, 270],
		[2, "U1_2", 222.47, 486.98, "B", "SMD", "DAT3", "", "O", 125.98, 60, 0, 270],
		[3, "U1_3", 322.47, 486.98, "B", "SMD", "CMD", "", "O", 125.98, 60, 0, 270],
		[4, "U1_4", 422.47, 486.98, "B", "SMD", "U1_4", "", "O", 125.98, 60, 0, 270],
		[5, "U1_5", 522.47, 486.98, "B", "SMD", "U1_5", "", "O", 125.98, 60, 0, 270],
		[6, "U1_6", 622.47, 486.98, "B", "SMD", "CLK", "", "O", 125.98, 60, 0, 270],
		[7, "U1_7", 722.47, 486.98, "B", "SMD", "DAT0", "", "O", 125.98, 60, 0, 270],
		[8, "U1_8", 822.47, 486.98, "B", "SMD", "DAT1", "", "O", 125.98, 60, 0, 270],
		[9, "U1_9", 122.47, -221.68, "B", "SMD", "U1_9", "", "O", 125.98, 60, 0, 270],
		[10, "U1_10", 222.47, -221.68, "B", "SMD", "GND", "GND", "O", 125.98, 60, 0, 270],
		[11, "U1_11", 322.47, -221.68, "B", "SMD", "VDD", "", "O", 125.98, 60, 0, 270],
		[12, "U1_12", 422.47, -221.68, "B", "SMD", "U1_12", "", "O", 125.98, 60, 0, 270],
		[13, "U1_13", 522.47, -221.68, "B", "SMD", "U1_13", "", "O", 125.98, 60, 0, 270],
		[14, "U1_14", 622.47, -221.68, "B", "SMD", "U1_14", "", "O", 125.98, 60, 0, 270],
		[15, "U1_15", 722.47, -221.68, "B", "SMD", "U1_15", "", "O", 125.98, 60, 0, 270],
		[16, "U1_16", 822.47, -221.68, "B", "SMD", "U1_16", "", "O", 125.98, 60, 0, 270],
		[17, "PAD1_14", 117.45, 603.23, "T", "DIP", "DAT2", "", "C", 60, 60, 36, 0],
		[18, "PAD1_14", 117.45, 603.23, "B", "DIP", "DAT2", "", "C", 60, 60, 36, 0],
		[19, "PAD2_1", 218.52, 603.23, "T", "DIP", "DAT3", "", "C", 60, 60, 36, 0],
		[20, "PAD2_1", 218.52, 603.23, "B", "DIP", "DAT3", "", "C", 60, 60, 36, 0],
		[21, "PAD3_2", 319.59, 603.23, "T", "DIP", "CMD", "", "C", 60, 60, 36, 0],
		[22, "PAD3_2", 319.59, 603.23, "B", "DIP", "CMD", "", "C", 60, 60, 36, 0],
		[23, "PAD4_4", 420.66, 603.23, "T", "DIP", "VDD", "", "C", 60, 60, 36, 0],
		[24, "PAD4_4", 420.66, 603.23, "B", "DIP", "VDD", "", "C", 60, 60, 36, 0],
		[25, "PAD5_15", 622.81, 603.23, "T", "DIP", "CLK", "", "C", 60, 60, 36, 0],
		[26, "PAD5_15", 622.81, 603.23, "B", "DIP", "CLK", "", "C", 60, 60, 36, 0],
		[27, "PAD6_16", 521.74, 603.23, "T", "DIP", "GND", "GND", "C", 60, 60, 36, 0],
		[28, "PAD6_16", 521.74, 603.23, "B", "DIP", "GND", "GND", "C", 60, 60, 36, 0],
		[29, "PAD7_17", 723.88, 603.23, "T", "DIP", "DAT0", "", "C", 60, 60, 36, 0],
		[30, "PAD7_17", 723.88, 603.23, "B", "DIP", "DAT0", "", "C", 60, 60, 36, 0],
		[31, "PAD8_18", 824.95, 603.23, "T", "DIP", "DAT1", "", "C", 60, 60, 36, 0],
		[32, "PAD8_18", 824.95, 603.23, "B", "DIP", "DAT1", "", "C", 60, 60, 36, 0],
		[33, "PAD9_1", 319.66, 132.65, "T", "DIP", "VDD", "", "C", 60, 60, 36, 0],
		[34, "PAD9_1", 319.66, 132.65, "B", "DIP", "VDD", "", "C", 60, 60, 36, 0]
	]
}
}